/ https://tonyedwardspz.co.uk 301
/about-me/ https://tonyedwardspz.co.uk/about/ 301
/?post_type=portfolio https://tonyedwardspz.co.uk 301
/blog/ https://tonyedwardspz.co.uk/blog/ 301
/contact-me/ https://tonyedwardspz.co.uk/contact/ 301
/portfolio/west-cornwall-events/ https://tonyedwardspz.co.uk 301
/portfolio/video-caster/ https://tonyedwardspz.co.uk 301
/portfolio/purely-web-design/ https://tonyedwardspz.co.uk 301
/portfolio/giz-edwards/ https://tonyedwardspz.co.uk 301
/portfolio/purely-penzance/ https://tonyedwardspz.co.uk 301
/portfolio/sennen-cove-website/ https://tonyedwardspz.co.uk 301
/portfolio/logo-express/ https://tonyedwardspz.co.uk 301
/portfolio/solar-system/ https://tonyedwardspz.co.uk 301
/portfolio/isis-construction/ https://tonyedwardspz.co.uk 301
/portfolio/duchy-cleaners/ https://tonyedwardspz.co.uk 301
/portfolio/market-plaice-fish-bar/ https://tonyedwardspz.co.uk 301
/portfolio/sennen-cove-website/attachment/website-usability-report-final/ https://tonyedwardspz.co.uk 301
/wp-content/uploads/2014/11/Website-Usability-Report-Final.pdf https://tonyedwardspz.co.uk 301
/blog/page/3/ https://tonyedwardspz.co.uk/blog/ 301
/blog/page/6/ https://tonyedwardspz.co.uk/blog/ 301
/blog/page/5/ https://tonyedwardspz.co.uk/blog/ 301
/blog/page/2/ https://tonyedwardspz.co.uk/blog/ 301
/sandbox/videointerface/ https://tonyedwardspz.co.uk 301
/blog/plymouth-workspace-week-2017-roundup/ https://www.tonyedwardspz.co.uk/blog/plymouth-workspace-week-2017-roundup/ 301
/blog/2017-tale-three-projects/ https://www.tonyedwardspz.co.uk/blog/2017-tale-three-projects/ 301
/blog/first-ever-kernow-dat-event/ https://www.tonyedwardspz.co.uk/blog/first-ever-kernow-dat-event/ 301
/uncategorized/10-time-the-pros-and-cons-elizabeth-pope/ https://www.tonyedwardspz.co.uk/blog/10-time-the-pros-and-cons-elizabeth-pope/ 301
/conferences/keynote-continuous-delivery-rebecca-parsons/ https://www.tonyedwardspz.co.uk/blog/keynote-continuous-delivery-rebecca-parsons/ 301
/conferences/value-andrea-provagilo/ https://www.tonyedwardspz.co.uk/blog/value-andrea-provagilo/ 301
/conferences/seven-years-of-agile-paul-massey/ https://www.tonyedwardspz.co.uk/blog/seven-years-of-agile-paul-massey/ 301
/blog/my-first-public-talk/ https://www.tonyedwardspz.co.uk/blog/my-first-public-talk/ 301
/conferences/using-landing-pages-to-prove-business-value/ https://www.tonyedwardspz.co.uk/blog/using-landing-pages-to-prove-business-value/ 301
/conferences/keynote-agile-leadership-teams-lynda-rising/ https://www.tonyedwardspz.co.uk/blog/keynote-agile-leadership-teams-lynda-rising/ 301
/conferences/software-cornwall-business-connect-roundup/ https://www.tonyedwardspz.co.uk/blog/software-cornwall-business-connect-roundup/ 301
/tutorial/caniuse-using-google-analytics-stats/ https://www.tonyedwardspz.co.uk/blog/caniuse-using-google-analytics-stats/ 301
/tutorial/create-rails-postgres-database/ https://www.tonyedwardspz.co.uk/blog/create-rails-postgres-database/ 301
/tutorial/service-worker-caching-tutorial/ https://www.tonyedwardspz.co.uk/blog/service-worker-caching-tutorial/ 301
/blog/providing-personal-touch-software/ https://www.tonyedwardspz.co.uk/blog/providing-personal-touch-software/ 301
/blog/google-deep-mind-defeats-world-champion/ https://www.tonyedwardspz.co.uk/blog/google-deep-mind-defeats-world-champion/ 301
/blog/11-more-podcasts-for-web-developers/ https://www.tonyedwardspz.co.uk/blog/11-more-podcasts-for-web-developers/ 301
/blog/12-podcasts-for-web-developers/ https://www.tonyedwardspz.co.uk/blog/12-podcasts-for-web-developers/ 301
/blog/sketch-in-a-day/ https://www.tonyedwardspz.co.uk/blog/sketch-in-a-day/ 301
/blog/my-thoughts-on-being-a-software-cornwall-student-member/ https://www.tonyedwardspz.co.uk/blog/my-thoughts-on-being-a-software-cornwall-student-member/ 301
/tutorial/swift-underlined-text-field-tutorial/ https://www.tonyedwardspz.co.uk/blog/swift-underlined-text-field-tutorial/ 301
/blog/page/4/ https://tonyedwardspz.co.uk/blog/ 301
/tutorial/pre-fill-form-inputs-with-javascript-and-localstorage/ https://www.tonyedwardspz.co.uk/blog/pre-fill-form-inputs-with-javascript-and-localstorage/ 301
/tutorial/add-flip-ahead-browsing-to-wordpress-theme-tutorial/ https://www.tonyedwardspz.co.uk/blog/add-flip-ahead-browsing-to-wordpress-theme-tutorial/ 301
/blog/4-social-networks-every-student-developer-should-use/ https://www.tonyedwardspz.co.uk/blog/4-social-networks-every-student-developer-should-use/ 301
/tutorial/git-what-and-why-an-introduction-for-students/ https://www.tonyedwardspz.co.uk/blog/git-what-and-why-an-introduction-for-students/ 301
/tutorial/polymer-element-is-unregistered/ https://www.tonyedwardspz.co.uk/blog/polymer-element-is-unregistered/ 301
/tutorial/lazy-load-images-in-a-rails-application/ https://www.tonyedwardspz.co.uk/blog/lazy-load-images-in-a-rails-application/ 301
/live-blog/the-power-of-being-open-by-default-not-so-live-blog/ https://www.tonyedwardspz.co.uk/blog/the-power-of-being-open-by-default-not-so-live-blog/ 301
/live-blog/how-users-perceive-speed-of-the-web-not-so-live-blog/ https://www.tonyedwardspz.co.uk/blog/how-users-perceive-speed-of-the-web-not-so-live-blog/ 301
/live-blog/lean-product-management-not-so-live-blog/ https://www.tonyedwardspz.co.uk/blog/lean-product-management-not-so-live-blog/ 301
/live-blog/polymer-modern-web-apis-in-production-not-so-live-blog-2/ https://www.tonyedwardspz.co.uk/blog/polymer-modern-web-apis-in-production-not-so-live-blog-2/ 301
/live-blog/put-social-back-into-social-media-not-so-live-blog/ https://www.tonyedwardspz.co.uk/blog/put-social-back-into-social-media-not-so-live-blog/ 301
/blog/not-so-live-blog-privacy-data-and-democracy/ https://www.tonyedwardspz.co.uk/blog/not-so-live-blog-privacy-data-and-democracy/ 301
/tutorial/one-line-device-orientation-detection-javascript/ https://www.tonyedwardspz.co.uk/blog/one-line-device-orientation-detection-javascript/ 301
/tutorial/javascript-mobile-device-detection-the-easy-way/ https://www.tonyedwardspz.co.uk/blog/javascript-mobile-device-detection-the-easy-way/ 301
/blog/debugging-a-tale-of-2-centuries/ https://www.tonyedwardspz.co.uk/blog/debugging-a-tale-of-2-centuries/ 301
/blog/flexbox-the-future-is-now/ https://www.tonyedwardspz.co.uk/blog/flexbox-the-future-is-now/ 301
/tutorial/add-coredata-to-an-exiting-swift-2-0-project/ https://www.tonyedwardspz.co.uk/blog/add-coredata-to-an-exiting-swift-2-0-project/ 301
/tutorial/tutorial-offline-todo-list-web-application-part-1/ https://www.tonyedwardspz.co.uk/blog/tutorial-offline-todo-list-web-application-part-1/ 301
/tutorial/scaffold-a-phaser-js-app-with-yeoman/ https://www.tonyedwardspz.co.uk/blog/scaffold-a-phaser-js-app-with-yeoman/ 301
/feel-good/words-of-wisdom/ https://www.tonyedwardspz.co.uk/blog/words-of-wisdom/ 301
/conferences/forward-with-fibre/ https://www.tonyedwardspz.co.uk/blog/forward-with-fibre/ 301
